address,district,lat,lon
"Город Москва, пр-кт.Волгоградский, д. 128 к 5",Кузьминки,55.703453,37.78621
"Город Москва, пер.Маяковского, д. 2",Таганский,55.732425,37.645523
"Город Москва, ул.Грайвороновская, д. 10 к 2",Текстильщики,55.710874,37.725039
"Город Москва, ул.Михайлова, д. 14",Рязанский,55.730084,37.767211
"Город Москва, ул.3-я Институтская, д. 5 к 2",Рязанский,55.716133,37.766093
"Город Москва, ул.1-я Новокузьминская, д. 16 к 1",Рязанский,55.723738,37.778754
"Город Москва, ул.Окская, д. 32",Кузьминки,55.702643,37.7828
"Город Москва, ул.Юных Ленинцев, д. 84",Кузьминки,55.702073,37.769724
"Город Москва, ул.Международная, д. 28 стр. 1",Таганский,55.738892,37.643442
"Город Москва, ул.Новорогожская, д. 8",Таганский,55.744769,37.646913
"Город Москва, ул.Чистова, д. 12",Текстильщики,55.705705,37.722317
"Город Москва, ул.Паперника, д. 19",Рязанский,55.727326,37.781082
"Город Москва, ул.Окская, д. 48/2",Рязанский,55.725537,37.771707
"Город Москва, ул.Трофимова, д. 24 к 2",Южнопортовый,55.708047,37.675382
"Город Москва, ул.1-я Дубровская, д. 6",Южнопортовый,55.697693,37.675436
"Город Москва, ул.Рогожский Вал, д. 2/50",Таганский,55.747832,37.663399
"Город Москва, ул.Талалихина, д. 2/1 к 4",Таганский,55.736706,37.647907
"Город Москва, ул.Артюхиной, д. 20А",Текстильщики,55.709896,37.737534
"Город Москва, ул.Малышева, д. 13",Текстильщики,55.710441,37.723783
"Город Москва, ул.Бронницкая, д. 12",Нижегородский,55.729933,37.725908
"Город Москва, ул.Авиамоторная, д. 14",Лефортово,55.764362,37.677285
"Город Москва, ул.Фёдора Полетаева, д. 2 к 6",Кузьминки,55.697942,37.783128
"Город Москва, ул.Зарайская, д. 51 к 2",Рязанский,55.723998,37.776082
"Город Москва, ул.Саратовская, д. 14/1",Текстильщики,55.717763,37.720702
"Город Москва, ул.Нижегородская, д. 63",Нижегородский,55.726142,37.727639
"Город Москва, ул.Смирновская, д. 6",Нижегородский,55.739633,37.729317
"Город Москва, ул.Нижегородская, д. 61",Нижегородский,55.727069,37.722828
"Город Москва, ул.Зеленодольская, д. 28Б",Кузьминки,55.691797,37.78082
"Город Москва, ул.Артюхиной, д. 16",Текстильщики,55.715278,37.735561
"Город Москва, ул.3-я Карачаровская, д. 4 к 1",Нижегородский,55.734987,37.726944
"Город Москва, пр-кт.Рязанский, д. 73",Рязанский,55.728142,37.762842
"Город Москва, ул.Ферганская, д. 28/7",Выхино,55.714977,37.832585
"Город Москва, б-р.Самаркандский Квартал 137а, д. к5",Выхино,55.712301,37.824571
"Город Москва, ул.Боровая, д. 14",Лефортово,55.762614,37.686852
"Город Москва, ул.Стройковская, д. 8",Таганский,55.746132,37.641785
"Город Москва, ул.2-я Синичкина, д. 9 к 1",Лефортово,55.762096,37.688367
"Москва, проезд Орехово-Зуевский, д. 18/8",Нижегородский,55.73742,37.721473
"Город Москва, пер.Большой Рогожский, д. 10 к 2",Таганский,55.749584,37.653452
"Город Москва, ул.Машкова, д. 13 стр. 1",Басманный,55.772946,37.640029
"Город Москва, ул.11-я Текстильщиков, д. 10",Текстильщики,55.703187,37.726546
"Город Москва, ул.Паперника, д. 18",Рязанский,55.720736,37.774964
"Город Москва, ул.Большая Калитниковская, д. 38",Таганский,55.739334,37.660909
"Город Москва, ул.Маршала Чуйкова, д. 9 к 2",Кузьминки,55.707584,37.78041
"Город Москва, ул.Талалихина, д. 16",Таганский,55.74961,37.656487
"Город Москва, б-р.Волжский, д. 50 к 2",Текстильщики,55.716433,37.733216
"Город Москва, ул.Артюхиной, д. 3",Текстильщики,55.704528,37.742783
"Город Москва, проезд.Ферганский, д. 7 к 5",Выхино,55.712698,37.814398
"Город Москва, ул.Земляной Вал, д. 24/30 стр. 1",Басманный,55.760103,37.66248
"Город Москва, ул.3-я Карачаровская, д. 8 к 2",Нижегородский,55.734499,37.731621
"Город Москва, ул.Чистопольская, д. 2 к 2",Нижегородский,55.73805,37.731926
"Город Москва, ул.Боровая, д. 12",Лефортово,55.758808,37.688939
"Город Москва, ул.Красноказарменная, д. 9Б стр. 1",Лефортово,55.760881,37.682016
"Город Москва, ул.Сторожевая, д. 31",Лефортово,55.763597,37.696903
"Город Москва, ул.Новорогожская, д. 10",Таганский,55.744134,37.650386
"Город Москва, ул.Нижегородская, д. 25",Таганский,55.739486,37.657026
"Город Москва, ул.Окская, д. 6 к 1",Кузьминки,55.698707,37.778351
"Город Москва, пр-кт.Волгоградский, д. 97 к 1",Кузьминки,55.706908,37.786815
"г.Город Москва, б-р.Самаркандский, д. 32к1",Выхино,55.713122,37.816318
"г.Город Москва, б-р.Самаркандский, д. 10к2",Выхино,55.719185,37.829655
"г.Город Москва, ул.Новорогожская, д. 20",Таганский,55.738744,37.651056
"г.Город Москва, ул.Ташкентская, д. 16к2",Выхино,55.713447,37.812194
"г.Город Москва, ул.Саратовская, д. 16",Текстильщики,55.700877,37.740854
"г.Город Москва, наб.Семеновская, д. 3/1к2",Басманный,55.777493,37.645034
"г.Город Москва, наб.Семеновская, д. 2/1",Басманный,55.762144,37.647497
"г.Город Москва, пр-кт.Волгоградский, д. 128к1",Кузьминки,55.691525,37.77188
"Домодедово, проезд.Советский 1-й, д. 1А",Домодедово,55.407383,37.556013
"Город Москва, проезд.Гурьевский, д. 23 к 1",Орехово Борисово Южное,55.595651,37.718296
"Город Москва, ул.Кустанайская, д. 8 к 1",Зябликово,55.618019,37.611174
"Город Москва, ш.Каширское, д. 136",Орехово Борисово Южное,55.594684,37.728566
"Домодедово, ул.Зеленая, д. 85",Домодедово,55.412232,37.55544
"Город Москва, ул.Москворечье, д. 4 к 6",Москворечье - Сабурово,55.632717,37.731712
"Город Москва, проезд.Загорьевский, д. 9",Бирюлево Восточное,55.588962,37.657247
"Город Москва, ул.6-я Радиальная, д. 5 к 3",Бирюлево Восточное,55.599802,37.659314
"Город Москва, ул.Бирюлёвская, д. 39",Бирюлево Восточное,55.587308,37.670768
"Кашира, ул.Победы, д. 9",Кашира,54.842024,38.158839
"Город Москва, ул.Братеевская, д. 18 к 1",Братеево,55.638446,37.764049
"Город Москва, б-р.Ореховый, д. 35 к 1",Зябликово,55.611705,37.59151
"Город Москва, пр-кт.Пролетарский, д. 14А",Царицыно,55.615881,37.664479
"Домодедово, ул.Корнеева, д. 50",Домодедово,55.407259,37.559879
"Домодедово, ул.Корнеева, д. 40",Домодедово,55.410841,37.556459
"Город Москва, ул.Ереванская, д. 29",Царицыно,55.623334,37.66146
"Город Москва, ул.Севанская, д. 15 к 1",Царицыно,55.622829,37.660961
"Город Москва, ул.6-я Радиальная, д. 7/1 к 2",Бирюлево Восточное,55.586553,37.657487
"Кашира, ул.Садовая, д. 18",Кашира,54.838944,38.149054
"Кашира, ул.Садовая, д. 2/11",Кашира,54.83183,38.155457
"Город Москва, ул.Паромная, д. 9 к 1",Братеево,55.63618,37.761763
"Город Москва, ул.Братеевская, д. 16 к 1",Братеево,55.627256,37.760474
"Город Москва, ул.Борисовские Пруды, д. 20 к 1",Братеево,55.640204,37.755597
"Кашира, ул.Юбилейная, д. 9",Кашира,54.832734,38.167216
"Кашира, ул.8 Марта, д. 22",Кашира,54.832372,38.154287
"Город Москва, б-р.Ореховый, д. 7 к 1",Орехово Борисово Северное,55.61596,37.700906
"Город Москва, ш.Каширское, д. 94 к 1",Орехово Борисово Северное,55.607437,37.694419
"Город Москва, б-р.Ореховый, д. 11 к 1",Орехово Борисово Северное,55.611998,37.710651
"Город Москва, проезд.Борисовский, д. 44 к 3",Орехово Борисово Северное,55.607081,37.693887
"Город Москва, проезд.Ореховый, д. 41",Зябликово,55.612725,37.606861
"Домодедово, ул.Ильюшина, д. 20",Домодедово,55.405002,37.545854
"Кашира, ул.Юбилейная, д. 8",Кашира,54.846713,38.158622
"Город Москва, ул.Кустанайская, д. 9 к 1",Зябликово,55.612358,37.609076
"Город Москва, пр-кт.Пролетарский, д. 18 к 4",Царицыно,55.622877,37.659937
"Кашира, ул.Кржижановского, д. 7",Кашира,54.840271,38.159228
"Город Москва, ул.Медынская, д. 5 к 1",Бирюлево Западное,55.5972,37.652761
"Домодедово, ул.Гагарина, д. 55/2",Домодедово,55.413203,37.560133
"Домодедово, ул.1-я Коммунистическая, д. 39",Домодедово,55.399553,37.546081
"Город Москва, ул.Борисовские Пруды, д. 48 к 2",Братеево,55.636012,37.761895
"Ступино, ул.Калинина, д. 34",Ступино,54.880216,38.066861
"Город Москва, проезд.Шипиловский, д. 59 к 2",Орехово Борисово Южное,55.607499,37.717207
"Город Москва, проезд.Востряковский, д. 15 к 2",Бирюлево Западное,55.595276,37.643335
"Город Москва, ул.Бирюлёвская, д. 58 к 3",Бирюлево Восточное,55.587737,37.650015
"Город Москва, ул.Домодедовская, д. 31",Орехово Борисово Южное,55.600957,37.724367
"Город Москва, ул.Весёлая, д. 33 к 7",Царицыно,55.616915,37.66355
"Домодедово, ул.Ильюшина, д. 11 к 2",Домодедово,55.402131,37.542875
"Город Москва, проезд.Востряковский, д. 15 к 4",Бирюлево Западное,55.608718,37.639246
"Домодедово, ул.Корнеева, д. 48",Домодедово,55.40163,37.54582
"Город Москва, ул.Луганская, д. 4 к 1",Царицыно,55.620514,37.67537
"Город Москва, ул.Луганская, д. 3 к 1",Царицыно,55.619201,37.674232
"Город Москва, ул.Луганская, д. 1",Царицыно,55.626007,37.676427
"Город Москва, ул.Кантемировская, д. 5 к 2",Царицыно,55.620577,37.677815
"Город Москва, проезд.Загорьевский, д. 7 к 2",Бирюлево Восточное,55.59709,37.666858
"Город Москва, ул.Маршала Захарова, д. 18 к 1",Орехово Борисово Северное,55.620806,37.71052
"Город Москва, ул.Генерала Белова, д. 45 к 2",Орехово Борисово Южное,55.591759,37.710529
"Город Москва, ул.Шипиловская, д. 38",Орехово Борисово Северное,55.609542,37.705039
"Город Москва, проезд.Гурьевский, д. 19 к 2",Орехово Борисово Южное,55.607422,37.710458
"Город Москва, проезд.Ореховый, д. 23 к 1",Зябликово,55.613513,37.593713
"Город Москва, ул.Булатниковская, д. 4 к 1",Бирюлево Западное,55.607203,37.640977
"Город Москва, б-р.Ореховый, д. 61 к 1",Зябликово,55.615554,37.610699
"Домодедово, проезд.Кутузовский, д. 16",Домодедово,55.407909,37.554
"Кашира, ул.Ленина, д. 11 к 3",Кашира,54.840395,38.169705
"Кашира, ул.Металлургов, д. 5 к 3",Кашира,54.84401,38.160646
"Город Москва, ул.Мусы Джалиля, д. 9 к 1",Зябликово,55.609103,37.601802
"обл.Московская область, г.Домодедово, пгт.Востряково-1, ул.Жуковского, д. 14/18",Домодедово,55.416097,37.556136
"МО, г. Кашира Центральная ул. д. 21",Кашира,54.838003,38.158282
"МО, г. Кашира Кржижановского ул. д. 5/1",Кашира,54.845439,38.167184
"МО, г. Кашира Кржижановского ул. д. 7к2",Кашира,54.8453,38.15425
"МО, г. Кашира Кржижановского ул. д. 5/3",Кашира,54.8443,38.162236
"МО, г. Кашира Кржижановского ул. д. 5/2",Кашира,54.843679,38.150813
"МО, г. Ступино Андропова ул. д. 37",Ступино,54.890957,38.071922
"МО, г. Ступино Андропова ул. д. 33",Ступино,54.882196,38.079165
"МО, г. Кашира Центральная ул. д. 19",Кашира,54.844696,38.17075
Москва Бирюлевская ул. д. 44,Бирюлево Восточное,55.600099,37.647629
Москва Булатниковский пр-зд. д. 6к1,Бирюлево Западное,55.598956,37.646448
"Город Москва, проезд.3-й Павелецкий, д. 9",Даниловский,55.713971,37.646547
"Город Москва, ул.Восточная, д. 2 к 2",Даниловский,55.70958,37.646635
"Город Москва, ул.Дубининская, д. 59 к 2",GPON Даниловский,55.716031,37.662244
"Город Москва, ул.Шверника, д. 18 к 2",Академический,55.688226,37.580003
"Город Москва, ул.Нагорная, д. 44 к 2",Котловка,55.679048,37.591755
"Город Москва, ул.Херсонская, д. 18",Зюзино,55.662063,37.584638
"Город Москва, пр-кт.60-летия Октября, д. 18 к 2",Академический,55.695563,37.581027
"Город Москва, ул.Дмитрия Ульянова, д. 27",Академический,55.68078,37.5742
"Город Москва, ул.Усачёва, д. 29 к 1",Хамовники,55.743441,37.597668
"Город Москва, ул.Винокурова, д. 12 к 4",Академический,55.688763,37.571751
"Город Москва, пр-кт.Балаклавский, д. 20 к 4",Зюзино,55.655542,37.562562
"Город Москва, ул.Садовники, д. 10 к 1",Нагатино - Садовники,55.684307,37.638936
"Город Москва, ул.Каховка, д. 7 к 1",Зюзино,55.656842,37.570944
"Город Москва, ул.Большая Пионерская, д. 33 к 2",Замоскворечье,55.735141,37.635851
"Город Москва, ул.Плющиха, д. 42",Хамовники,55.750919,37.595505
"Город Москва, ул.Судостроительная, д. 31 к 3",Нагатинский Затон,55.677792,37.694251
"Город Москва, ул.Судостроительная, д. 36",Нагатинский Затон,55.673164,37.693849
"Город Москва, ул.Затонная, д. 11 к 3",Нагатинский Затон,55.689338,37.703132
"Город Москва, ул.Автозаводская, д. 11",Даниловский,55.706239,37.647841
"Город Москва, ул.Шверника, д. 12/2 к 3",Академический,55.687028,37.568312
"Город Москва, ул.Судостроительная, д. 27 к 2",Нагатинский Затон,55.675315,37.704414
"Город Москва, ул.Шверника, д. 3",Академический,55.682015,37.582207
"Город Москва, б-р.Черноморский, д. 19 к 2",Зюзино,55.663547,37.567564
"Город Москва, ул.Керченская, д. 6 к 2",Зюзино,55.663632,37.570843
"Город Москва, б-р.Кленовый, д. 10 к 1",Нагатинский Затон,55.689415,37.706925
"Город Москва, ул.Коломенская, д. 5",Нагатинский Затон,55.675488,37.702811
"Город Москва, б-р.Смоленский, д. 17 стр. 1",Хамовники,55.740355,37.590413
"Город Москва, ул.Усачёва, д. 25",Хамовники,55.752984,37.599824
"Город Москва, пр-кт.60-летия Октября, д. 17",Академический,55.679861,37.581757
"Город Москва, ул.Ремизова, д. 15 к 2",Котловка,55.67578,37.592761
"Город Москва, ул.Шверника, д. 5 к 2",Академический,55.680123,37.578594
"Город Москва, ул.Академика Миллионщикова, д. 13 к 1",Нагатино - Садовники,55.685195,37.624367
"Город Москва, ул.Винокурова, д. 5/6 к 2",Академический,55.695949,37.56192
"Город Москва, пр-кт.Балаклавский, д. 50",Зюзино,55.659468,37.578167
"Город Москва, б-р.Симферопольский, д. 27",Нагорный,55.674788,37.620261
"Город Москва, ул.Болотниковская, д. 9 к 2",Нагорный,55.678306,37.613242
"Город Москва, ул.Трофимова, д. 4А",Даниловский,55.708067,37.649935
"Город Москва, ул.Коломенская, д. 21",Нагатинский Затон,55.682647,37.697843
"Город Москва, наб.Нагатинская, д. 60 к 2",Нагатинский Затон,55.676438,37.694082
"Город Москва, проезд.Коломенский, д. 27 к 3",Нагатино - Садовники,55.683184,37.626057
"Город Москва, ул.Затонная, д. 12 к 1",Нагатинский Затон,55.680539,37.698734
"Город Москва, ул.Городская, д. 9",Даниловский,55.716769,37.658884
"Город Москва, пр-кт.Севастопольский, д. 9 к 1",Донской,55.70651,37.594201
"Город Москва, проезд.3-й Павелецкий, д. 7 к 2",Даниловский,55.709234,37.652901
"Город Москва, ул.Большая Серпуховская, д. 31 к 6",Замоскворечье,55.728398,37.621258
"Город Москва, ул.2-я Рощинская, д. 11",Даниловский,55.709646,37.642134
"Город Москва, пер.Ослябинский, д. 3",Даниловский,55.716846,37.658769
"Город Москва, ул.Шверника, д. 14/1 к 2",Академический,55.688451,37.565895
"Город Москва, ул.Профсоюзная, д. 8 к 2",Академический,55.684589,37.570426
"Город Москва, пр-кт.Нахимовский, д. 50",Академический,55.695166,37.579614
"Город Москва, б-р.Чонгарский, д. 22 к 2",Зюзино,55.670904,37.572496
"Город Москва, ул.Люсиновская, д. 4",Замоскворечье,55.734112,37.61302
"Город Москва, б-р.Чонгарский, д. 1 к 4",Нагорный,55.670177,37.613706
"Город Москва, ул.Керченская, д. 10 к 2",Зюзино,55.663011,37.573005
"г.Город Москва, пр-кт.Ленинский, д. 70/11",Гагаринский,55.675017,37.544701
