arrival_order,id,region,type_bk,type_hd,required_skill,priority,window_start,window_end,duration_min,district,address,lat,lon,coord_approx,required_vehicle,gigabit
0,74198,Восток,Подключение,Конвергенция абонента,connection,normal,1200,1320,90,Кузьминки,"Город Москва, пр-кт.Волгоградский, д. 128 к 5",55.703453,37.78621,True,,Нет
1,86160,Восток,Подключение,Конвергенция абонента,connection,normal,1080,1200,90,Таганский,"Город Москва, пер.Маяковского, д. 2",55.732425,37.645523,True,,Нет
2,50104,Восток,Подключение,Заявка на подключение,connection,normal,1080,1200,120,Текстильщики,"Город Москва, ул.Грайвороновская, д. 10 к 2",55.710874,37.725039,True,,Да
3,46393,Восток,Подключение,Конвергенция абонента,connection,normal,1200,1320,90,Рязанский,"Город Москва, ул.Михайлова, д. 14",55.730084,37.767211,True,,Нет
4,10135,Восток,Подключение,Конвергенция абонента,connection,normal,1080,1200,90,Рязанский,"Город Москва, ул.3-я Институтская, д. 5 к 2",55.716133,37.766093,True,,Нет
5,18754,Восток,Подключение,Конвергенция абонента,connection,normal,1080,1200,90,Рязанский,"Город Москва, ул.1-я Новокузьминская, д. 16 к 1",55.723738,37.778754,True,,Нет
6,84627,Восток,Подключение,Конвергенция абонента,connection,normal,1200,1320,90,Кузьминки,"Город Москва, ул.Окская, д. 32",55.702643,37.7828,True,,Нет
7,61540,Восток,Подключение,Конвергенция абонента,connection,normal,960,1080,90,Кузьминки,"Город Москва, ул.Юных Ленинцев, д. 84",55.702073,37.769724,True,,Нет
8,74949,Восток,Подключение,Конвергенция абонента,connection,normal,600,720,90,Таганский,"Город Москва, ул.Международная, д. 28 стр. 1",55.738892,37.643442,True,,Нет
9,41077,Восток,Подключение,Конвергенция абонента,connection,normal,720,840,90,Таганский,"Город Москва, ул.Новорогожская, д. 8",55.744769,37.646913,True,,Нет
10,87693,Восток,Подключение,Конвергенция абонента,connection,normal,960,1080,90,Текстильщики,"Город Москва, ул.Чистова, д. 12",55.705705,37.722317,True,,Нет
11,93086,Восток,Подключение,Конвергенция абонента,connection,normal,720,840,90,Рязанский,"Город Москва, ул.Паперника, д. 19",55.727326,37.781082,True,,Нет
12,57866,Восток,Подключение,Конвергенция абонента,connection,normal,840,960,90,Рязанский,"Город Москва, ул.Окская, д. 48/2",55.725537,37.771707,True,,Нет
13,35675,Восток,Подключение,Конвергенция абонента,connection,normal,960,1080,90,Южнопортовый,"Город Москва, ул.Трофимова, д. 24 к 2",55.708047,37.675382,True,,Нет
14,82388,Восток,Подключение,Конвергенция абонента,connection,normal,840,960,90,Южнопортовый,"Город Москва, ул.1-я Дубровская, д. 6",55.697693,37.675436,True,,Нет
15,23380,Восток,Подключение,Конвергенция абонента,connection,normal,720,840,90,Таганский,"Город Москва, ул.Рогожский Вал, д. 2/50",55.747832,37.663399,True,,Нет
16,37272,Восток,Подключение,Конвергенция абонента,connection,normal,600,720,90,Таганский,"Город Москва, ул.Талалихина, д. 2/1 к 4",55.736706,37.647907,True,,Нет
17,71388,Восток,Подключение,Конвергенция абонента,connection,normal,840,960,90,Текстильщики,"Город Москва, ул.Артюхиной, д. 20А",55.709896,37.737534,True,,Нет
18,34366,Восток,Подключение,Конвергенция абонента,connection,normal,600,720,90,Текстильщики,"Город Москва, ул.Малышева, д. 13",55.710441,37.723783,True,,Нет
19,67554,Восток,Подключение,Заявка на подключение,connection,normal,720,840,120,Нижегородский,"Город Москва, ул.Бронницкая, д. 12",55.729933,37.725908,True,,Нет
20,94409,Восток,Подключение,Конвергенция абонента,connection,normal,720,840,90,Лефортово,"Город Москва, ул.Авиамоторная, д. 14",55.764362,37.677285,True,,Нет
21,10245,Восток,Подключение,Конвергенция абонента,connection,normal,720,840,90,Кузьминки,"Город Москва, ул.Фёдора Полетаева, д. 2 к 6",55.697942,37.783128,True,,Нет
22,52405,Восток,Подключение,Конвергенция абонента,connection,normal,600,720,90,Рязанский,"Город Москва, ул.Зарайская, д. 51 к 2",55.723998,37.776082,True,,Нет
23,30769,Восток,Подключение,Конвергенция абонента,connection,normal,840,960,90,Текстильщики,"Город Москва, ул.Саратовская, д. 14/1",55.717763,37.720702,True,,Нет
24,98182,Восток,Подключение,Заявка на подключение,connection,normal,600,720,120,Нижегородский,"Город Москва, ул.Нижегородская, д. 63",55.726142,37.727639,True,,Нет
25,76082,Восток,Подключение,Заказ подключения/Дозаказ оборудования,connection,normal,720,840,120,Нижегородский,"Город Москва, ул.Смирновская, д. 6",55.739633,37.729317,True,,Нет
26,29890,Восток,Подключение,Конвергенция абонента,connection,normal,720,840,90,Нижегородский,"Город Москва, ул.Нижегородская, д. 61",55.727069,37.722828,True,,Нет
27,77563,Восток,Подключение,Конвергенция абонента,connection,normal,600,720,90,Кузьминки,"Город Москва, ул.Зеленодольская, д. 28Б",55.691797,37.78082,True,,Нет
28,53587,Восток,Подключение,Конвергенция абонента,connection,normal,720,840,90,Текстильщики,"Город Москва, ул.Артюхиной, д. 16",55.715278,37.735561,True,,Нет
29,82808,Восток,Подключение,Конвергенция абонента,connection,normal,840,960,90,Нижегородский,"Город Москва, ул.3-я Карачаровская, д. 4 к 1",55.734987,37.726944,True,,Нет
30,7939,Восток,Подключение,Конвергенция абонента,connection,normal,720,840,90,Рязанский,"Город Москва, пр-кт.Рязанский, д. 73",55.728142,37.762842,True,,Нет
31,92031,Восток,Дозаказ,Дозаказ оборудования,connection,normal,1080,1200,60,Выхино,"Город Москва, ул.Ферганская, д. 28/7",55.714977,37.832585,True,,Нет
32,31260,Восток,Дозаказ,Дозаказ оборудования,connection,normal,1200,1320,60,Выхино,"Город Москва, б-р.Самаркандский Квартал 137а, д. к5",55.712301,37.824571,True,,Нет
33,69967,Восток,Дозаказ,Заказ подключения/Дозаказ оборудования,connection,normal,600,720,120,Лефортово,"Город Москва, ул.Боровая, д. 14",55.762614,37.686852,True,,Да
34,22634,Восток,Дозаказ,Дозаказ оборудования,connection,normal,840,960,60,Таганский,"Город Москва, ул.Стройковская, д. 8",55.746132,37.641785,True,,Нет
35,98815,Восток,Дозаказ,Дозаказ оборудования,connection,normal,1080,1200,60,Лефортово,"Город Москва, ул.2-я Синичкина, д. 9 к 1",55.762096,37.688367,True,,Нет
36,33527,Восток,Дозаказ,Дозаказ оборудования,connection,normal,600,720,60,Нижегородский,"Москва, проезд Орехово-Зуевский, д. 18/8",55.73742,37.721473,True,,Нет
37,21571,Восток,Локальная заявка,Нет линка,local,normal,1080,1200,60,Таганский,"Город Москва, пер.Большой Рогожский, д. 10 к 2",55.749584,37.653452,True,,Нет
38,47670,Восток,Локальная заявка,Нет линка,local,normal,1200,1320,60,Басманный,"Город Москва, ул.Машкова, д. 13 стр. 1",55.772946,37.640029,True,,Нет
39,17892,Восток,Локальная заявка,Переключение на Гбит/с,connection,normal,1080,1200,60,Текстильщики,"Город Москва, ул.11-я Текстильщиков, д. 10",55.703187,37.726546,True,,Нет
40,51115,Восток,Локальная заявка,Нет линка,local,normal,1080,1200,60,Рязанский,"Город Москва, ул.Паперника, д. 18",55.720736,37.774964,True,,Нет
41,76643,Восток,Локальная заявка,Нет линка,local,normal,1080,1200,60,Таганский,"Город Москва, ул.Большая Калитниковская, д. 38",55.739334,37.660909,True,,Нет
42,43506,Восток,Локальная заявка,Переключение на Гбит/с,connection,normal,1200,1320,60,Выхино,"Город Москва, б-р.Самаркандский Квартал 137а, д. к5",55.712301,37.824571,True,,Нет
43,48174,Восток,Локальная заявка,Мониторинг,local,normal,1080,1200,30,Кузьминки,"Город Москва, ул.Маршала Чуйкова, д. 9 к 2",55.707584,37.78041,True,,Нет
44,48227,Восток,Локальная заявка,Нет линка,local,normal,720,840,60,Таганский,"Город Москва, ул.Талалихина, д. 16",55.74961,37.656487,True,,Нет
45,60720,Восток,Локальная заявка,Нет линка,local,normal,720,840,60,Текстильщики,"Город Москва, б-р.Волжский, д. 50 к 2",55.716433,37.733216,True,,Нет
46,48238,Восток,Локальная заявка,Разрывы,local,normal,840,960,60,Текстильщики,"Город Москва, ул.Артюхиной, д. 3",55.704528,37.742783,True,,Нет
47,41912,Восток,Локальная заявка,Нет линка,local,normal,720,840,60,Выхино,"Город Москва, проезд.Ферганский, д. 7 к 5",55.712698,37.814398,True,,Нет
48,4893,Восток,Локальная заявка,Нет линка,local,normal,720,840,60,Басманный,"Город Москва, ул.Земляной Вал, д. 24/30 стр. 1",55.760103,37.66248,True,,Нет
49,68476,Восток,Локальная заявка,Разрывы,local,normal,600,720,60,Нижегородский,"Город Москва, ул.3-я Карачаровская, д. 8 к 2",55.734499,37.731621,True,,Нет
50,50219,Восток,Локальная заявка,Нет линка,local,normal,600,720,60,Нижегородский,"Город Москва, ул.Чистопольская, д. 2 к 2",55.73805,37.731926,True,,Нет
51,76678,Восток,Локальная заявка,Работа с кабелем,local,normal,600,720,90,Лефортово,"Город Москва, ул.Боровая, д. 12",55.758808,37.688939,True,,Нет
52,47330,Восток,Локальная заявка,Роутер. Замена техническим специалистом,local,normal,840,960,60,Лефортово,"Город Москва, ул.Красноказарменная, д. 9Б стр. 1",55.760881,37.682016,True,,Нет
53,26645,Восток,Локальная заявка,TVE/ENT. Другие ошибки,local,normal,960,1080,45,Лефортово,"Город Москва, ул.Сторожевая, д. 31",55.763597,37.696903,True,,Нет
54,24076,Восток,Локальная заявка,Роутер. Замена техническим специалистом,local,normal,720,840,60,Таганский,"Город Москва, ул.Новорогожская, д. 10",55.744134,37.650386,True,,Нет
55,30243,Восток,Локальная заявка,TVE/ENT. Замена приставки техником,local,normal,1080,1200,45,Таганский,"Город Москва, ул.Нижегородская, д. 25",55.739486,37.657026,True,,Нет
56,32807,Восток,Локальная заявка,Работа с кабелем,local,normal,600,720,90,Кузьминки,"Город Москва, ул.Окская, д. 6 к 1",55.698707,37.778351,True,,Нет
57,73572,Восток,Локальная заявка,Нет линка,local,normal,840,960,60,Кузьминки,"Город Москва, пр-кт.Волгоградский, д. 97 к 1",55.706908,37.786815,True,,Нет
58,41962,Восток,Глобальная проблема,Информация,local,urgent,960,1080,30,Выхино,"г.Город Москва, б-р.Самаркандский, д. 32к1",55.713122,37.816318,True,,Нет
59,97886,Восток,Глобальная проблема,Информация,local,urgent,960,1080,30,Выхино,"г.Город Москва, б-р.Самаркандский, д. 10к2",55.719185,37.829655,True,,Нет
60,17349,Восток,Глобальная проблема,Информация,local,urgent,840,960,30,Таганский,"г.Город Москва, ул.Новорогожская, д. 20",55.738744,37.651056,True,,Нет
61,54964,Восток,Глобальная проблема,Информация,local,urgent,600,720,30,Выхино,"г.Город Москва, ул.Ташкентская, д. 16к2",55.713447,37.812194,True,,Нет
62,21367,Восток,Глобальная проблема,Авария,emergency,urgent,1200,1320,90,Текстильщики,"г.Город Москва, ул.Саратовская, д. 16",55.700877,37.740854,True,,Нет
63,24980,Восток,Глобальная проблема,Авария,emergency,urgent,600,720,90,Басманный,"г.Город Москва, наб.Семеновская, д. 3/1к2",55.777493,37.645034,True,,Нет
64,15648,Восток,Глобальная проблема,Информация,local,urgent,960,1080,30,Басманный,"г.Город Москва, наб.Семеновская, д. 2/1",55.762144,37.647497,True,,Нет
65,57299,Восток,Глобальная проблема,Авария,emergency,urgent,1200,1320,90,Кузьминки,"г.Город Москва, пр-кт.Волгоградский, д. 128к1",55.691525,37.77188,True,,Нет
66,67472,Юго-восток,Подключение,Заказ подключения/Дозаказ оборудования,connection,normal,960,1080,120,Домодедово,"Домодедово, проезд.Советский 1-й, д. 1А",55.407383,37.556013,True,,Нет
67,84466,Юго-восток,Подключение,Конвергенция абонента,connection,normal,1080,1200,90,Орехово Борисово Южное,"Город Москва, проезд.Гурьевский, д. 23 к 1",55.595651,37.718296,True,,Нет
68,14416,Юго-восток,Подключение,Заказ подключения/Дозаказ оборудования,connection,normal,960,1080,120,Зябликово,"Город Москва, ул.Кустанайская, д. 8 к 1",55.618019,37.611174,True,,Нет
69,68359,Юго-восток,Подключение,Конвергенция абонента,connection,normal,960,1080,90,Орехово Борисово Южное,"Город Москва, ш.Каширское, д. 136",55.594684,37.728566,True,,Нет
70,66944,Юго-восток,Подключение,Конвергенция абонента,connection,normal,600,720,90,Домодедово,"Домодедово, ул.Зеленая, д. 85",55.412232,37.55544,True,,Нет
71,52041,Юго-восток,Подключение,Конвергенция абонента,connection,normal,720,840,90,Москворечье - Сабурово,"Город Москва, ул.Москворечье, д. 4 к 6",55.632717,37.731712,True,,Нет
72,23807,Юго-восток,Подключение,Конвергенция абонента,connection,normal,600,720,90,Бирюлево Восточное,"Город Москва, проезд.Загорьевский, д. 9",55.588962,37.657247,True,,Нет
73,60484,Юго-восток,Подключение,Конвергенция абонента,connection,normal,840,960,90,Бирюлево Восточное,"Город Москва, ул.6-я Радиальная, д. 5 к 3",55.599802,37.659314,True,,Нет
74,63591,Юго-восток,Подключение,Конвергенция абонента,connection,normal,840,960,90,Бирюлево Восточное,"Город Москва, ул.Бирюлёвская, д. 39",55.587308,37.670768,True,,Нет
75,53552,Юго-восток,Подключение,Заказ подключения/Дозаказ оборудования,connection,normal,840,960,120,Кашира,"Кашира, ул.Победы, д. 9",54.842024,38.158839,True,,Нет
76,58066,Юго-восток,Подключение,Конвергенция абонента,connection,normal,720,840,90,Братеево,"Город Москва, ул.Братеевская, д. 18 к 1",55.638446,37.764049,True,,Нет
77,2915,Юго-восток,Подключение,Конвергенция абонента,connection,normal,720,840,90,Зябликово,"Город Москва, б-р.Ореховый, д. 35 к 1",55.611705,37.59151,True,,Нет
78,3566,Юго-восток,Подключение,Конвергенция абонента,connection,normal,720,840,90,Зябликово,"Город Москва, б-р.Ореховый, д. 35 к 1",55.611705,37.59151,True,,Нет
79,68946,Юго-восток,Подключение,Конвергенция абонента,connection,normal,960,1080,90,Царицыно,"Город Москва, пр-кт.Пролетарский, д. 14А",55.615881,37.664479,True,,Нет
80,55454,Юго-восток,Подключение,Конвергенция абонента,connection,normal,720,840,90,Домодедово,"Домодедово, ул.Корнеева, д. 50",55.407259,37.559879,True,,Нет
81,35057,Юго-восток,Подключение,Конвергенция абонента,connection,normal,840,960,90,Домодедово,"Домодедово, ул.Корнеева, д. 40",55.410841,37.556459,True,,Нет
82,75745,Юго-восток,Подключение,Заказ подключения/Дозаказ оборудования,connection,normal,600,720,120,Домодедово,"Домодедово, ул.Зеленая, д. 85",55.412232,37.55544,True,,Нет
83,65717,Юго-восток,Подключение,Конвергенция абонента,connection,normal,600,720,90,Царицыно,"Город Москва, ул.Ереванская, д. 29",55.623334,37.66146,True,,Нет
84,44117,Юго-восток,Подключение,Конвергенция абонента,connection,normal,600,720,90,Царицыно,"Город Москва, ул.Севанская, д. 15 к 1",55.622829,37.660961,True,,Нет
85,76173,Юго-восток,Подключение,Конвергенция абонента,connection,normal,960,1080,90,Бирюлево Восточное,"Город Москва, ул.6-я Радиальная, д. 7/1 к 2",55.586553,37.657487,True,,Нет
86,876,Юго-восток,Подключение,Заказ подключения/Дозаказ оборудования,connection,normal,600,720,120,Бирюлево Восточное,"Город Москва, проезд.Загорьевский, д. 9",55.588962,37.657247,True,,Нет
87,62011,Юго-восток,Подключение,Конвергенция абонента,connection,normal,600,720,90,Кашира,"Кашира, ул.Садовая, д. 18",54.838944,38.149054,True,,Нет
88,57353,Юго-восток,Подключение,Заказ подключения/Дозаказ оборудования,connection,normal,720,840,120,Кашира,"Кашира, ул.Садовая, д. 2/11",54.83183,38.155457,True,,Нет
89,2245,Юго-восток,Подключение,Заявка на подключение,connection,normal,840,960,120,Братеево,"Город Москва, ул.Паромная, д. 9 к 1",55.63618,37.761763,True,,Нет
90,14494,Юго-восток,Подключение,Конвергенция абонента,connection,normal,600,720,90,Братеево,"Город Москва, ул.Братеевская, д. 16 к 1",55.627256,37.760474,True,,Нет
91,78920,Юго-восток,Подключение,Заявка на подключение,connection,normal,720,840,120,Братеево,"Город Москва, ул.Борисовские Пруды, д. 20 к 1",55.640204,37.755597,True,,Нет
92,78876,Юго-восток,Подключение,Конвергенция абонента,connection,normal,600,720,90,Кашира,"Кашира, ул.Юбилейная, д. 9",54.832734,38.167216,True,,Нет
93,23094,Юго-восток,Подключение,Конвергенция абонента,connection,normal,720,840,90,Кашира,"Кашира, ул.8 Марта, д. 22",54.832372,38.154287,True,,Нет
94,79144,Юго-восток,Подключение,Заявка на подключение,connection,normal,600,720,120,Орехово Борисово Северное,"Город Москва, б-р.Ореховый, д. 7 к 1",55.61596,37.700906,True,,Нет
95,60141,Юго-восток,Подключение,Конвергенция абонента,connection,normal,720,840,90,Орехово Борисово Северное,"Город Москва, ш.Каширское, д. 94 к 1",55.607437,37.694419,True,,Нет
96,79450,Юго-восток,Подключение,Заказ подключения/Дозаказ оборудования,connection,normal,720,840,120,Орехово Борисово Северное,"Город Москва, б-р.Ореховый, д. 11 к 1",55.611998,37.710651,True,,Нет
97,58129,Юго-восток,Подключение,Заявка на подключение,connection,normal,600,720,120,Орехово Борисово Северное,"Город Москва, проезд.Борисовский, д. 44 к 3",55.607081,37.693887,True,,Нет
98,93798,Юго-восток,Подключение,Конвергенция абонента,connection,normal,600,720,90,Зябликово,"Город Москва, проезд.Ореховый, д. 41",55.612725,37.606861,True,,Нет
99,89696,Юго-восток,Подключение,Конвергенция абонента,connection,normal,840,960,90,Домодедово,"Домодедово, ул.Ильюшина, д. 20",55.405002,37.545854,True,,Нет
100,20362,Юго-восток,Подключение,Конвергенция абонента,connection,normal,840,960,90,Кашира,"Кашира, ул.Юбилейная, д. 8",54.846713,38.158622,True,,Нет
101,40698,Юго-восток,Подключение,Конвергенция абонента,connection,normal,720,840,90,Зябликово,"Город Москва, ул.Кустанайская, д. 9 к 1",55.612358,37.609076,True,,Нет
102,2427,Юго-восток,Дозаказ,Дозаказ оборудования,connection,normal,1080,1200,60,Царицыно,"Город Москва, пр-кт.Пролетарский, д. 18 к 4",55.622877,37.659937,True,,Нет
103,51603,Юго-восток,Дозаказ,Заказ подключения/Дозаказ оборудования,connection,normal,1080,1200,120,Братеево,"Город Москва, ул.Борисовские Пруды, д. 20 к 1",55.640204,37.755597,True,,Нет
104,13404,Юго-восток,Дозаказ,Конвергенция абонента,connection,normal,1200,1320,90,Кашира,"Кашира, ул.Кржижановского, д. 7",54.840271,38.159228,True,,Нет
105,72476,Юго-восток,Дозаказ,Дозаказ оборудования,connection,normal,840,960,60,Бирюлево Западное,"Город Москва, ул.Медынская, д. 5 к 1",55.5972,37.652761,True,,Нет
106,90989,Юго-восток,Локальная заявка,Нет линка,local,normal,960,1080,60,Домодедово,"Домодедово, ул.Гагарина, д. 55/2",55.413203,37.560133,True,,Нет
107,7660,Юго-восток,Локальная заявка,Нет линка,local,normal,1080,1200,60,Домодедово,"Домодедово, ул.1-я Коммунистическая, д. 39",55.399553,37.546081,True,,Нет
108,89067,Юго-восток,Локальная заявка,Работа с кабелем,local,normal,1080,1200,90,Братеево,"Город Москва, ул.Борисовские Пруды, д. 48 к 2",55.636012,37.761895,True,,Нет
109,65268,Юго-восток,Локальная заявка,Работа с кабелем,local,normal,1200,1320,90,Ступино,"Ступино, ул.Калинина, д. 34",54.880216,38.066861,True,,Нет
110,33880,Юго-восток,Локальная заявка,Низкая скорость,local,normal,1200,1320,45,Орехово Борисово Южное,"Город Москва, проезд.Шипиловский, д. 59 к 2",55.607499,37.717207,True,,Нет
111,37590,Юго-восток,Локальная заявка,Нет линка,local,normal,1200,1320,60,Бирюлево Западное,"Город Москва, проезд.Востряковский, д. 15 к 2",55.595276,37.643335,True,,Нет
112,33507,Юго-восток,Локальная заявка,Нет линка,local,normal,1080,1200,60,Бирюлево Восточное,"Город Москва, ул.Бирюлёвская, д. 58 к 3",55.587737,37.650015,True,,Нет
113,88209,Юго-восток,Локальная заявка,Низкая скорость,local,normal,720,840,45,Орехово Борисово Южное,"Город Москва, ул.Домодедовская, д. 31",55.600957,37.724367,True,,Нет
114,24482,Юго-восток,Локальная заявка,Рост ошибок на порту,local,normal,1200,1320,45,Царицыно,"Город Москва, ул.Весёлая, д. 33 к 7",55.616915,37.66355,True,,Нет
115,40111,Юго-восток,Локальная заявка,Работа с кабелем,local,normal,600,720,90,Ступино,"Ступино, ул.Калинина, д. 34",54.880216,38.066861,True,,Нет
116,46199,Юго-восток,Локальная заявка,Нет линка,local,normal,720,840,60,Домодедово,"Домодедово, ул.Ильюшина, д. 11 к 2",55.402131,37.542875,True,,Нет
117,75282,Юго-восток,Локальная заявка,Роутер. Замена техническим специалистом,local,normal,960,1080,60,Бирюлево Западное,"Город Москва, проезд.Востряковский, д. 15 к 4",55.608718,37.639246,True,,Нет
118,63577,Юго-восток,Локальная заявка,Нет линка,local,normal,600,720,60,Домодедово,"Домодедово, ул.Корнеева, д. 48",55.40163,37.54582,True,,Нет
119,7610,Юго-восток,Локальная заявка,Переключение на Гбит/с,connection,normal,1080,1200,60,Царицыно,"Город Москва, ул.Луганская, д. 4 к 1",55.620514,37.67537,True,,Нет
120,19216,Юго-восток,Локальная заявка,TVE/ENT. Замена приставки техником,local,normal,720,840,45,Царицыно,"Город Москва, ул.Луганская, д. 3 к 1",55.619201,37.674232,True,,Нет
121,11872,Юго-восток,Локальная заявка,Рост ошибок на порту,local,normal,840,960,45,Царицыно,"Город Москва, ул.Весёлая, д. 33 к 7",55.616915,37.66355,True,,Нет
122,54422,Юго-восток,Локальная заявка,IP-адрес 169...,local,normal,960,1080,45,Царицыно,"Город Москва, ул.Луганская, д. 1",55.626007,37.676427,True,,Нет
123,4724,Юго-восток,Локальная заявка,Низкая скорость,local,normal,1080,1200,45,Царицыно,"Город Москва, ул.Кантемировская, д. 5 к 2",55.620577,37.677815,True,,Нет
124,11899,Юго-восток,Локальная заявка,Низкая скорость,local,normal,600,720,45,Бирюлево Восточное,"Город Москва, проезд.Загорьевский, д. 7 к 2",55.59709,37.666858,True,,Нет
125,60886,Юго-восток,Локальная заявка,Переключение на Гбит/с,connection,normal,960,1080,60,Орехово Борисово Северное,"Город Москва, ул.Маршала Захарова, д. 18 к 1",55.620806,37.71052,True,,Нет
126,32066,Юго-восток,Локальная заявка,Нет линка,local,normal,840,960,60,Орехово Борисово Южное,"Город Москва, ул.Генерала Белова, д. 45 к 2",55.591759,37.710529,True,,Нет
127,63894,Юго-восток,Локальная заявка,IP-адрес 169...,local,normal,720,840,45,Орехово Борисово Северное,"Город Москва, ул.Шипиловская, д. 38",55.609542,37.705039,True,,Нет
128,64168,Юго-восток,Локальная заявка,TVE/ENT. Замена приставки техником,local,normal,960,1080,45,Орехово Борисово Южное,"Город Москва, проезд.Гурьевский, д. 19 к 2",55.607422,37.710458,True,,Нет
129,40919,Юго-восток,Локальная заявка,Рост ошибок на порту,local,normal,600,720,45,Орехово Борисово Северное,"Город Москва, проезд.Борисовский, д. 44 к 3",55.607081,37.693887,True,,Нет
130,36961,Юго-восток,Локальная заявка,Нет линка,local,normal,1080,1200,60,Зябликово,"Город Москва, проезд.Ореховый, д. 23 к 1",55.613513,37.593713,True,,Нет
131,12329,Юго-восток,Локальная заявка,Разрывы,local,normal,720,840,60,Бирюлево Западное,"Город Москва, ул.Булатниковская, д. 4 к 1",55.607203,37.640977,True,,Нет
132,95692,Юго-восток,Локальная заявка,Нет линка,local,normal,600,720,60,Зябликово,"Город Москва, б-р.Ореховый, д. 61 к 1",55.615554,37.610699,True,,Нет
133,13583,Юго-восток,Локальная заявка,Нет линка,local,normal,840,960,60,Домодедово,"Домодедово, проезд.Кутузовский, д. 16",55.407909,37.554,True,,Нет
134,3151,Юго-восток,Локальная заявка,Нет линка,local,normal,720,840,60,Кашира,"Кашира, ул.Ленина, д. 11 к 3",54.840395,38.169705,True,,Нет
135,45778,Юго-восток,Локальная заявка,Рост ошибок на порту,local,normal,840,960,45,Кашира,"Кашира, ул.Металлургов, д. 5 к 3",54.84401,38.160646,True,,Нет
136,20055,Юго-восток,Локальная заявка,IP-адрес 169...,local,normal,720,840,45,Зябликово,"Город Москва, ул.Мусы Джалиля, д. 9 к 1",55.609103,37.601802,True,,Нет
137,7258,Юго-восток,Глобальная проблема,Авария,emergency,urgent,1200,1320,90,Домодедово,"обл.Московская область, г.Домодедово, пгт.Востряково-1, ул.Жуковского, д. 14/18",55.416097,37.556136,True,,Нет
138,78673,Юго-восток,Глобальная проблема,Авария,emergency,urgent,1,1439,90,Кашира,"МО, г. Кашира Центральная ул. д. 21",54.838003,38.158282,True,,Нет
139,98998,Юго-восток,Глобальная проблема,Авария,emergency,urgent,1,1439,90,Кашира,"МО, г. Кашира Кржижановского ул. д. 5/1",54.845439,38.167184,True,,Нет
140,32589,Юго-восток,Глобальная проблема,Авария,emergency,urgent,1,1439,90,Кашира,"МО, г. Кашира Кржижановского ул. д. 7к2",54.8453,38.15425,True,,Нет
141,51774,Юго-восток,Глобальная проблема,Авария,emergency,urgent,1,1439,90,Кашира,"МО, г. Кашира Кржижановского ул. д. 5/3",54.8443,38.162236,True,,Нет
142,90915,Юго-восток,Глобальная проблема,Авария,emergency,urgent,1,1439,90,Кашира,"МО, г. Кашира Кржижановского ул. д. 5/2",54.843679,38.150813,True,,Нет
143,45243,Юго-восток,Глобальная проблема,Авария,emergency,urgent,1,1439,90,Кашира,"МО, г. Кашира Кржижановского ул. д. 5/1",54.845439,38.167184,True,,Нет
144,81698,Юго-восток,Глобальная проблема,Авария,emergency,urgent,1,1439,90,Ступино,"МО, г. Ступино Андропова ул. д. 37",54.890957,38.071922,True,,Нет
145,97168,Юго-восток,Глобальная проблема,Авария,emergency,urgent,1,1439,90,Ступино,"МО, г. Ступино Андропова ул. д. 33",54.882196,38.079165,True,,Нет
146,65034,Юго-восток,Глобальная проблема,Авария,emergency,urgent,1,1439,90,Кашира,"МО, г. Кашира Центральная ул. д. 19",54.844696,38.17075,True,,Нет
147,1287,Юго-восток,Глобальная проблема,Авария,emergency,urgent,1,1439,90,Бирюлево Восточное,Москва Бирюлевская ул. д. 44,55.600099,37.647629,True,,Нет
148,31495,Юго-восток,Глобальная проблема,Авария,emergency,urgent,1,1439,90,Бирюлево Западное,Москва Булатниковский пр-зд. д. 6к1,55.598956,37.646448,True,,Нет
149,32840,Югоцентр,Подключение,Конвергенция абонента,connection,normal,1080,1200,90,Даниловский,"Город Москва, проезд.3-й Павелецкий, д. 9",55.713971,37.646547,True,,Нет
150,78540,Югоцентр,Подключение,Конвергенция абонента,connection,normal,1080,1200,90,Даниловский,"Город Москва, ул.Восточная, д. 2 к 2",55.70958,37.646635,True,,Нет
151,66376,Югоцентр,Подключение,Конвергенция абонента,connection,normal,1080,1200,90,GPON Даниловский,"Город Москва, ул.Дубининская, д. 59 к 2",55.716031,37.662244,True,,Нет
152,23637,Югоцентр,Подключение,Конвергенция абонента,connection,normal,1200,1320,90,Академический,"Город Москва, ул.Шверника, д. 18 к 2",55.688226,37.580003,True,,Нет
153,97770,Югоцентр,Подключение,Конвергенция абонента,connection,normal,1200,1320,90,Котловка,"Город Москва, ул.Нагорная, д. 44 к 2",55.679048,37.591755,True,,Нет
154,55711,Югоцентр,Подключение,Конвергенция абонента,connection,normal,720,840,90,Зюзино,"Город Москва, ул.Херсонская, д. 18",55.662063,37.584638,True,,Нет
155,76944,Югоцентр,Подключение,Конвергенция абонента,connection,normal,960,1080,90,Академический,"Город Москва, пр-кт.60-летия Октября, д. 18 к 2",55.695563,37.581027,True,,Нет
156,75881,Югоцентр,Подключение,Конвергенция абонента,connection,normal,840,960,90,Академический,"Город Москва, ул.Дмитрия Ульянова, д. 27",55.68078,37.5742,True,,Нет
157,85188,Югоцентр,Подключение,Заказ подключения/Дозаказ оборудования,connection,normal,960,1080,120,Хамовники,"Город Москва, ул.Усачёва, д. 29 к 1",55.743441,37.597668,True,,Нет
158,19376,Югоцентр,Подключение,Конвергенция абонента,connection,normal,960,1080,90,Академический,"Город Москва, ул.Винокурова, д. 12 к 4",55.688763,37.571751,True,,Нет
159,6185,Югоцентр,Подключение,Конвергенция абонента,connection,normal,1080,1200,90,Зюзино,"Город Москва, пр-кт.Балаклавский, д. 20 к 4",55.655542,37.562562,True,,Нет
160,80548,Югоцентр,Подключение,Конвергенция абонента,connection,normal,960,1080,90,Нагатино - Садовники,"Город Москва, ул.Садовники, д. 10 к 1",55.684307,37.638936,True,,Нет
161,76452,Югоцентр,Подключение,Конвергенция абонента,connection,normal,720,840,90,Зюзино,"Город Москва, ул.Каховка, д. 7 к 1",55.656842,37.570944,True,,Нет
162,47560,Югоцентр,Подключение,Конвергенция абонента,connection,normal,960,1080,90,Замоскворечье,"Город Москва, ул.Большая Пионерская, д. 33 к 2",55.735141,37.635851,True,,Нет
163,79707,Югоцентр,Подключение,Конвергенция абонента,connection,normal,600,720,90,Хамовники,"Город Москва, ул.Плющиха, д. 42",55.750919,37.595505,True,,Нет
164,23142,Югоцентр,Подключение,Конвергенция абонента,connection,normal,600,720,90,Нагатинский Затон,"Город Москва, ул.Судостроительная, д. 31 к 3",55.677792,37.694251,True,,Нет
165,10776,Югоцентр,Подключение,Конвергенция абонента,connection,normal,720,840,90,Нагатинский Затон,"Город Москва, ул.Судостроительная, д. 36",55.673164,37.693849,True,,Нет
166,94447,Югоцентр,Подключение,Заказ подключения/Дозаказ оборудования,connection,normal,600,720,120,Нагатинский Затон,"Город Москва, ул.Затонная, д. 11 к 3",55.689338,37.703132,True,,Нет
167,94575,Югоцентр,Подключение,Конвергенция абонента,connection,normal,1080,1200,90,Даниловский,"Город Москва, ул.Автозаводская, д. 11",55.706239,37.647841,True,,Нет
168,94431,Югоцентр,Подключение,Конвергенция абонента,connection,normal,600,720,90,Академический,"Город Москва, ул.Шверника, д. 12/2 к 3",55.687028,37.568312,True,,Нет
169,52576,Югоцентр,Подключение,Заявка на подключение,connection,normal,1200,1320,120,Нагатинский Затон,"Город Москва, ул.Судостроительная, д. 27 к 2",55.675315,37.704414,True,,Нет
170,66315,Югоцентр,Подключение,Конвергенция абонента,connection,normal,960,1080,90,Академический,"Город Москва, ул.Шверника, д. 3",55.682015,37.582207,True,,Нет
171,93544,Югоцентр,Подключение,Конвергенция абонента,connection,normal,720,840,90,Зюзино,"Город Москва, б-р.Черноморский, д. 19 к 2",55.663547,37.567564,True,,Нет
172,19203,Югоцентр,Подключение,Конвергенция абонента,connection,normal,720,840,90,Зюзино,"Город Москва, ул.Керченская, д. 6 к 2",55.663632,37.570843,True,,Нет
173,16024,Югоцентр,Подключение,Заявка на подключение,connection,normal,600,720,120,Нагатинский Затон,"Город Москва, б-р.Кленовый, д. 10 к 1",55.689415,37.706925,True,,Нет
174,90373,Югоцентр,Подключение,Конвергенция абонента,connection,normal,720,840,90,Нагатинский Затон,"Город Москва, ул.Коломенская, д. 5",55.675488,37.702811,True,,Нет
175,79719,Югоцентр,Подключение,Заказ подключения/Дозаказ оборудования,connection,normal,720,840,120,Хамовники,"Город Москва, б-р.Смоленский, д. 17 стр. 1",55.740355,37.590413,True,,Нет
176,6957,Югоцентр,Подключение,Конвергенция абонента,connection,normal,600,720,90,Хамовники,"Город Москва, ул.Усачёва, д. 25",55.752984,37.599824,True,,Нет
177,78036,Югоцентр,Дозаказ,Конвергенция абонента,connection,normal,1200,1320,90,Академический,"Город Москва, пр-кт.60-летия Октября, д. 17",55.679861,37.581757,True,,Нет
178,49105,Югоцентр,Дозаказ,Заказ подключения/Дозаказ оборудования,connection,normal,1200,1320,120,Котловка,"Город Москва, ул.Ремизова, д. 15 к 2",55.67578,37.592761,True,,Нет
179,27023,Югоцентр,Локальная заявка,Нет линка,local,normal,1080,1200,60,Академический,"Город Москва, ул.Шверника, д. 5 к 2",55.680123,37.578594,True,,Нет
180,26177,Югоцентр,Локальная заявка,Нет линка,local,normal,1200,1320,60,Нагатино - Садовники,"Город Москва, ул.Академика Миллионщикова, д. 13 к 1",55.685195,37.624367,True,,Нет
181,77795,Югоцентр,Локальная заявка,TVE/ENT. Другие ошибки,local,normal,1080,1200,45,Академический,"Город Москва, ул.Винокурова, д. 5/6 к 2",55.695949,37.56192,True,,Нет
182,24132,Югоцентр,Локальная заявка,Нет линка,local,normal,1200,1320,60,Зюзино,"Город Москва, пр-кт.Балаклавский, д. 50",55.659468,37.578167,True,,Нет
183,99841,Югоцентр,Локальная заявка,Нет линка,local,normal,1080,1200,60,Нагорный,"Город Москва, б-р.Симферопольский, д. 27",55.674788,37.620261,True,,Нет
184,20263,Югоцентр,Локальная заявка,Нет линка,local,normal,600,720,60,Нагорный,"Город Москва, ул.Болотниковская, д. 9 к 2",55.678306,37.613242,True,,Нет
185,51133,Югоцентр,Локальная заявка,Нет линка,local,normal,720,840,60,Даниловский,"Город Москва, ул.Трофимова, д. 4А",55.708067,37.649935,True,,Нет
186,90709,Югоцентр,Локальная заявка,Разрывы,local,normal,960,1080,60,Нагатинский Затон,"Город Москва, ул.Коломенская, д. 21",55.682647,37.697843,True,,Нет
187,84074,Югоцентр,Локальная заявка,Нет линка,local,normal,720,840,60,Нагатинский Затон,"Город Москва, наб.Нагатинская, д. 60 к 2",55.676438,37.694082,True,,Нет
188,12263,Югоцентр,Локальная заявка,Нет линка,local,normal,600,720,60,Нагатино - Садовники,"Город Москва, проезд.Коломенский, д. 27 к 3",55.683184,37.626057,True,,Нет
189,95501,Югоцентр,Локальная заявка,Нет линка,local,normal,1200,1320,60,Нагатинский Затон,"Город Москва, ул.Затонная, д. 12 к 1",55.680539,37.698734,True,,Нет
190,86002,Югоцентр,Локальная заявка,Нет линка,local,normal,840,960,60,Даниловский,"Город Москва, ул.Городская, д. 9",55.716769,37.658884,True,,Нет
191,92618,Югоцентр,Локальная заявка,IP-адрес 169...,local,normal,1080,1200,45,Донской,"Город Москва, пр-кт.Севастопольский, д. 9 к 1",55.70651,37.594201,True,,Нет
192,26845,Югоцентр,Локальная заявка,Роутер. Замена техническим специалистом,local,normal,720,840,60,Даниловский,"Город Москва, проезд.3-й Павелецкий, д. 7 к 2",55.709234,37.652901,True,,Нет
193,80308,Югоцентр,Локальная заявка,IP-адрес 169...,local,normal,600,720,45,Замоскворечье,"Город Москва, ул.Большая Серпуховская, д. 31 к 6",55.728398,37.621258,True,,Нет
194,93276,Югоцентр,Локальная заявка,Разрывы,local,normal,960,1080,60,Даниловский,"Город Москва, ул.2-я Рощинская, д. 11",55.709646,37.642134,True,,Нет
195,61311,Югоцентр,Локальная заявка,ТВ. Замена приставки техником,local,normal,960,1080,45,Даниловский,"Город Москва, пер.Ослябинский, д. 3",55.716846,37.658769,True,,Нет
196,46513,Югоцентр,Локальная заявка,Рост ошибок на порту,local,normal,600,720,45,Академический,"Город Москва, ул.Шверника, д. 14/1 к 2",55.688451,37.565895,True,,Нет
197,35265,Югоцентр,Локальная заявка,Работа с кабелем,local,normal,960,1080,90,Академический,"Город Москва, ул.Профсоюзная, д. 8 к 2",55.684589,37.570426,True,,Нет
198,13203,Югоцентр,Локальная заявка,ТВ. Замена приставки техником,local,normal,840,960,45,Академический,"Город Москва, пр-кт.Нахимовский, д. 50",55.695166,37.579614,True,,Нет
199,26896,Югоцентр,Локальная заявка,Переключение на Гбит/с,connection,normal,1080,1200,60,Зюзино,"Город Москва, б-р.Чонгарский, д. 22 к 2",55.670904,37.572496,True,,Нет
200,87819,Югоцентр,Локальная заявка,Переключение на Гбит/с,connection,normal,840,960,60,Замоскворечье,"Город Москва, ул.Люсиновская, д. 4",55.734112,37.61302,True,,Нет
201,5406,Югоцентр,Локальная заявка,Переключение на Гбит/с,connection,normal,600,720,60,Котловка,"Город Москва, ул.Ремизова, д. 15 к 2",55.67578,37.592761,True,,Нет
202,86864,Югоцентр,Локальная заявка,Работа с кабелем,local,normal,960,1080,90,Нагорный,"Город Москва, б-р.Чонгарский, д. 1 к 4",55.670177,37.613706,True,,Нет
203,17896,Югоцентр,Локальная заявка,IP-адрес 169...,local,normal,840,960,45,Зюзино,"Город Москва, ул.Керченская, д. 10 к 2",55.663011,37.573005,True,,Нет
204,18023,Югоцентр,Глобальная проблема,Информация,local,urgent,840,960,30,Гагаринский,"г.Город Москва, пр-кт.Ленинский, д. 70/11",55.675017,37.544701,True,,Нет
